{"id":1,"name":"This is Name","from":"2020-11-07 13:50:24","to":"2020-11-07 13:50:24","packs":[{"id":1,"season_id":1,"title":"Onluck","sub_text":"trac nghiem","question_type":"0","typed_questions":[{"id":3,"pack_id":1,"question":"caccsacacc","answers":"[\"fine\",\"on\",\"ok\",\"khoe\"]","score":10,"images":"","hints":"[\"Just a hint\"]","created_at":"2020-11-07T14:06:37.000000Z","updated_at":"2020-11-07T14:06:37.000000Z"},{"id":4,"pack_id":1,"question":"How are u?","answers":"[\"Fine\",\"Great\"]","score":10,"images":"","hints":"[\"Just a hint\"]","created_at":"2020-11-07T14:20:44.000000Z","updated_at":"2020-11-07T14:20:44.000000Z"},{"id":5,"pack_id":1,"question":"How are u?","answers":"[\"x\"]","score":10,"images":"","hints":"[\"Just a hint\"]","created_at":"2020-11-07T14:58:06.000000Z","updated_at":"2020-11-07T14:58:06.000000Z"}]}]}