{"id":12,"name":"M\u00f9a 1","from":"2020-08-22 00:00:00","to":"2020-08-26 00:00:00","packs":[{"id":31,"season_id":12,"title":"TH\u1eec TH\u00c1CH","sub_text":"H\u01b0\u1edbng D\u1eabn","icon":"\/assets\/images\/game_data\/icon_1598918618.jpg","question_type":"0","typed_questions":[{"id":41,"pack_id":31,"question":"\u0110\u00e2y l\u00e0 c\u1edd n\u01b0\u1edbc n\u00e0o?","answer":"M\u00f4ng C\u1ed5","score":10,"images":"[\"\\\/assets\\\/images\\\/game_data\\\/question_image_15989191530.jpg\"]","hints":"[\"Ph\u00eda b\u1eafc trung qu\u1ed1c\"]","created_at":"2020-08-23T06:52:30.000000Z","updated_at":"2020-09-01T00:12:33.000000Z"},{"id":42,"pack_id":31,"question":"H\u1ec7 m\u1eb7t tr\u1eddi c\u00f3 bao nhi\u00eau h\u00e0nh tinh?","answer":"9","score":10,"images":"[\"\\\/assets\\\/images\\\/game_data\\\/question_image_15989191630.jpg\"]","hints":"[\"9\"]","created_at":"2020-08-23T07:09:33.000000Z","updated_at":"2020-09-01T00:12:44.000000Z"},{"id":43,"pack_id":31,"question":"N\u0103m nay l\u00e0 n\u0103m g\u00ec?","answer":"Canh T\u00fd","score":10,"images":"[\"\\\/assets\\\/images\\\/game_data\\\/question_image_15989191910.jpg\",\"\\\/assets\\\/images\\\/game_data\\\/question_image_15989191911.jpg\"]","hints":"[\"Chu\u1ed9t\"]","created_at":"2020-08-23T09:05:37.000000Z","updated_at":"2020-09-01T00:13:11.000000Z"},{"id":44,"pack_id":31,"question":"2021 l\u00e0 n\u0103m g\u00ec?","answer":"T\u00e2n S\u1eedu","score":10,"images":"[\"\\\/assets\\\/images\\\/game_data\\\/question_image_15989192050.jpg\",\"\\\/assets\\\/images\\\/game_data\\\/question_image_15989192051.jpg\",\"\\\/assets\\\/images\\\/game_data\\\/question_image_15989192052.jpg\"]","hints":"[\"N\u0103m con tr\u00e2u\"]","created_at":"2020-08-23T09:06:27.000000Z","updated_at":"2020-09-01T00:13:26.000000Z"}]},{"id":32,"season_id":12,"title":"KI\u1ebeN TH\u1ee8C","sub_text":"Tr\u1eafc Nghi\u1ec7m","icon":"\/assets\/images\/game_data\/icon_1598918675.jpg","question_type":"1","mcq_questions":[{"id":14,"pack_id":32,"question":"\u0110\u00e2y l\u00e0 c\u1edd n\u01b0\u1edbc n\u00e0o?","choices":"[\"Turkey\",\"Russia\",\"India\",\"Qatar\"]","answer":0,"time":30,"score":10,"images":"[\"\\\/assets\\\/images\\\/game_data\\\/question_image_15989192270.jpg\",\"\\\/assets\\\/images\\\/game_data\\\/question_image_15989192271.jpg\",\"\\\/assets\\\/images\\\/game_data\\\/question_image_15989204800.jpg\"]","hints":"[\"Khu v\u1ef1c bi\u1ec3n \u0111en\"]","created_at":"2020-08-23T06:53:58.000000Z","updated_at":"2020-09-01T00:34:40.000000Z"}]}]}